student_id,Age,Gender,College_location,educational_designation,educational_stream,Place_grownup_in,school_region,school_Type,school_board,learning_style,V1,A1,R1,K1,V2,A2,R2,K2,style
1,20 to 25,Male,chennai,Post Graduation,Management,City,City,Private,State Board,Multi,3.0,3.0,3.0,3.0,3.0,3.0,3.0,3.0,K
2,20 to 25,Male,chennai,Under Graduation,Engineering,Town,City,Private,State Board,Multi,2.0,1.6666666666666667,2.0,2.3333333333333335,4.166666666666667,3.5,3.1666666666666665,3.5,A
3,20 to 25,Female,Port_Blair,Post Graduation,Management,Rural,City;Town,Govt,Central Board,Multi,3.0,3.6666666666666665,2.6666666666666665,3.0,4.666666666666667,3.8333333333333335,4.333333333333333,4.0,Multi
4,20 to 25,Male,Chittoor,Under Graduation,Engineering,Rural,Town,Private,State Board,K,2.6666666666666665,3.0,2.3333333333333335,3.0,3.3333333333333335,3.6666666666666665,3.5,3.8333333333333335,K
5,20 to 25,Female,chennai,Post Graduation,Management,City,City,Private,State Board,A,3.3333333333333335,3.0,3.0,3.0,3.0,3.1666666666666665,3.0,3.0,A
6,20 to 25,Female,Kanchipuram,Under Graduation,Engineering,City,City,Private,Central Board,Multi,3.6666666666666665,4.666666666666667,4.333333333333333,2.6666666666666665,4.5,3.5,3.5,3.5,K
7,20 to 25,Female,Tirupati,Post Graduation,sciences,Rural,City,Private,Central Board,Multi,2.3333333333333335,2.3333333333333335,2.6666666666666665,2.0,4.333333333333333,4.0,3.8333333333333335,4.166666666666667,A
8,<20,Male,Port_Blair,Under Graduation,Engineering,Rural,Rural,Govt,Central Board,Multi,4.0,4.0,3.6666666666666665,4.0,3.8333333333333335,3.1666666666666665,2.3333333333333335,2.8333333333333335,A
9,20 to 25,Male,Port Blair,Under Graduation,others,City,Rural,Govt,Central Board,A,4.333333333333333,4.0,3.6666666666666665,4.0,3.6666666666666665,4.166666666666667,3.8333333333333335,3.8333333333333335,A
10,20 to 25,Male,Port_Blair,Post Graduation,sciences,Rural,Rural,Govt,Central Board,Multi,2.6666666666666665,2.3333333333333335,4.0,1.6666666666666667,3.6666666666666665,3.1666666666666665,3.6666666666666665,4.833333333333333,Multi
11,20 to 25,Female,chennai,Post Graduation,Finance,City,City,Private,Central Board,Multi,3.6666666666666665,4.0,3.3333333333333335,3.3333333333333335,3.6666666666666665,3.0,4.0,3.8333333333333335,K
12,20 to 25,Female,Kuppam,Under Graduation,Engineering,City,City,Private,State Board,K,1.3333333333333333,1.6666666666666667,1.6666666666666667,2.3333333333333335,3.6666666666666665,3.6666666666666665,3.1666666666666665,3.5,K
13,20 to 25,Female,chennai,Post Graduation,commerce,Town,Town,Govt,Central Board,A,3.0,4.0,3.6666666666666665,3.0,3.6666666666666665,3.6666666666666665,3.5,3.6666666666666665,A
14,20 to 25,Female,Tirupati,Post Graduation,Management,Town,Town,Private,State Board,Multi,2.3333333333333335,2.3333333333333335,2.3333333333333335,2.6666666666666665,3.0,3.0,3.0,3.0,A
15,<20,Female,chennai,Post Graduation,Management,City,City,Private,State Board,Multi,3.0,3.3333333333333335,3.3333333333333335,2.3333333333333335,3.6666666666666665,3.8333333333333335,3.5,3.8333333333333335,K
16,20 to 25,Female,Port_Blair,Post Graduation,Arts,City,City,Private,Central Board,V,4.666666666666667,4.333333333333333,4.333333333333333,3.6666666666666665,4.666666666666667,4.333333333333333,3.1666666666666665,4.166666666666667,K
17,20 to 25,Female,chennai,Post Graduation,Management,City,City,Private,State Board,K,3.3333333333333335,3.0,3.6666666666666665,4.333333333333333,4.166666666666667,3.1666666666666665,4.0,3.5,K
18,20 to 25,Male,chennai,Post Graduation,Management,Town,Town,Private,State Board,K,4.666666666666667,4.0,3.6666666666666665,4.333333333333333,4.5,4.666666666666667,4.833333333333333,5.0,K
19,20 to 25,Male,chennai,Post Graduation,Management,Rural;Town,Rural;Town,Private,State Board,A,3.0,4.0,3.0,2.6666666666666665,3.1666666666666665,3.6666666666666665,3.1666666666666665,4.0,A
20,20 to 25,Male,Port_Blair,Under Graduation,Mathematics,City;Rural,City,Other,Central Board,Multi,3.6666666666666665,4.0,3.6666666666666665,3.6666666666666665,4.5,4.0,2.3333333333333335,4.333333333333333,K
21,20 to 25,Male,Port_Blair,Under Graduation,Engineering,Town,City,Govt,Central Board,V,3.0,2.6666666666666665,2.6666666666666665,2.6666666666666665,3.6666666666666665,3.5,3.3333333333333335,3.1666666666666665,Multi
22,20 to 25,Male,chennai,Under Graduation,Engineering,City;Rural;Town,City;Rural,Private,State Board,Multi,2.3333333333333335,2.6666666666666665,2.3333333333333335,2.0,4.166666666666667,4.333333333333333,3.6666666666666665,4.833333333333333,V
23,<20,Female,Port_Blair,Under Graduation,Engineering,Rural,Rural,Govt,Central Board,Multi,2.0,3.0,3.3333333333333335,3.3333333333333335,4.0,5.0,3.8333333333333335,4.333333333333333,K
24,20 to 25,Female,Tirupati,Post Graduation,sciences,Town,Town,Private,State Board,A,3.6666666666666665,4.666666666666667,3.3333333333333335,3.3333333333333335,3.3333333333333335,4.5,3.3333333333333335,4.666666666666667,A
25,<20,Female,Bangalore,Under Graduation,commerce,City,City,Govt,Central Board,K,3.0,3.0,2.3333333333333335,2.6666666666666665,4.166666666666667,3.8333333333333335,3.6666666666666665,4.333333333333333,K
26,20 to 25,Female,Tirupati,Post Graduation,Engineering,Town,Town,Private,State Board,V,4.333333333333333,2.3333333333333335,2.3333333333333335,3.0,4.0,3.6666666666666665,3.6666666666666665,4.166666666666667,V
27,20 to 25,Female,Port_Blair,Post Graduation,Arts,City,City,Govt,Central Board,Multi,4.0,4.0,4.0,2.6666666666666665,3.6666666666666665,3.3333333333333335,3.3333333333333335,3.1666666666666665,Multi
28,20 to 25,Female,Hyderabad,Post Graduation,Management,Town,Town,Private,State Board,K,4.0,4.666666666666667,3.6666666666666665,3.6666666666666665,4.5,3.5,3.3333333333333335,4.833333333333333,K
29,20 to 25,Female,Port_Blair,Post Graduation,commerce,Rural,Rural,Govt,Central Board,K,2.3333333333333335,3.6666666666666665,2.3333333333333335,5.0,4.666666666666667,3.6666666666666665,3.3333333333333335,4.0,K
30,20 to 25,Female,Tirupati,Post Graduation,sciences,City,Town,Private,State Board,V,3.6666666666666665,2.6666666666666665,3.3333333333333335,1.6666666666666667,4.666666666666667,4.5,4.0,4.5,Multi
31,<20,Female,chennai,Under Graduation,law,City,Rural,Private,State Board,Multi,3.3333333333333335,2.0,2.6666666666666665,3.3333333333333335,2.6666666666666665,2.8333333333333335,2.1666666666666665,2.6666666666666665,Multi
32,20 to 25,Male,chennai,Post Graduation,Engineering,City,City,Private,State Board,Multi,3.6666666666666665,3.6666666666666665,4.0,3.0,4.833333333333333,3.8333333333333335,4.0,3.8333333333333335,A
33,20 to 25,Female,chennai,Under Graduation,Engineering,City,Town,Private,State Board,Multi,1.6666666666666667,3.0,2.3333333333333335,1.0,4.166666666666667,4.0,3.3333333333333335,2.8333333333333335,Multi
34,<20,Male,chennai,Under Graduation,Engineering,City,City,Private,State Board,K,2.0,1.3333333333333333,1.3333333333333333,3.6666666666666665,3.0,4.0,3.0,4.166666666666667,K
35,<20,Male,chennai,Under Graduation,Engineering,City,City,Private,State Board,Multi,2.6666666666666665,3.3333333333333335,2.6666666666666665,4.333333333333333,4.166666666666667,3.5,3.6666666666666665,4.0,A
36,<20,Female,chennai,Under Graduation,law,City,City,Private,State Board,K,3.6666666666666665,3.3333333333333335,3.3333333333333335,4.0,4.0,4.166666666666667,3.3333333333333335,4.666666666666667,A
37,20 to 25,Female,chennai,Post Graduation,Management,City,City,Private,State Board,V,4.333333333333333,3.0,2.0,3.3333333333333335,4.833333333333333,4.166666666666667,4.333333333333333,4.0,K
38,20 to 25,Female,Tirupati,Post Graduation,medicine,Town,Town,Private,State Board,K,3.0,3.0,2.3333333333333335,2.6666666666666665,3.6666666666666665,3.1666666666666665,3.5,4.166666666666667,K
39,20 to 25,Female,chennai,Post Graduation,Engineering,City,City,Private,State Board,A,3.3333333333333335,4.0,3.6666666666666665,2.3333333333333335,3.6666666666666665,4.333333333333333,3.6666666666666665,4.5,A
40,20 to 25,Female,chennai,Post Graduation,Arts,City,City,Govt,State Board,Multi,3.3333333333333335,3.0,3.0,4.0,3.5,3.3333333333333335,3.6666666666666665,3.5,A
41,20 to 25,Female,chennai,Under Graduation,Engineering,City,City,Private,State Board,Multi,2.0,2.3333333333333335,2.0,2.3333333333333335,3.3333333333333335,2.8333333333333335,2.5,3.0,A
42,20 to 25,Female,Kuppam,Under Graduation,Engineering,Town,City,Private,State Board,K,4.0,3.0,3.6666666666666665,3.6666666666666665,4.333333333333333,3.3333333333333335,3.3333333333333335,4.5,K
43,20 to 25,Female,chennai,Post Graduation,Arts,City,City,Private,State Board,V,4.0,3.6666666666666665,3.3333333333333335,4.666666666666667,5.0,4.5,4.0,4.333333333333333,V
44,20 to 25,Female,chennai,Post Graduation,Management,City,Rural,Govt,State Board,Multi,4.666666666666667,4.666666666666667,5.0,5.0,4.5,4.333333333333333,5.0,4.833333333333333,A
45,<20,Female,chennai,Under Graduation,computer_science,City,City,Govt,State Board,Multi,3.0,3.0,3.3333333333333335,3.3333333333333335,3.6666666666666665,4.333333333333333,3.0,4.333333333333333,A
46,20 to 25,Female,chennai,Under Graduation,Arts,City,Rural,Private,State Board,R,3.3333333333333335,1.6666666666666667,3.6666666666666665,2.6666666666666665,4.0,4.166666666666667,4.333333333333333,3.6666666666666665,A
47,<20,Female,chennai,Under Graduation,Arts,City,City,Private,State Board,Multi,3.3333333333333335,3.3333333333333335,4.0,4.0,4.0,4.5,4.666666666666667,4.0,V
48,<20,Female,chennai,Under Graduation,Arts,City,City,Private,State Board,K,3.6666666666666665,4.0,3.3333333333333335,3.6666666666666665,4.333333333333333,4.666666666666667,4.5,4.833333333333333,K
49,20 to 25,Female,Tirupati,Post Graduation,medicine,City,City,Govt,State Board,A,2.0,3.0,2.6666666666666665,1.0,4.333333333333333,4.166666666666667,4.0,4.0,A
50,25 to 30,Female,Tirupati,Under Graduation,Arts,Town,Town,Private,State Board,A,2.0,1.6666666666666667,1.6666666666666667,1.0,3.1666666666666665,4.0,3.8333333333333335,3.3333333333333335,A
51,20 to 25,Female,chennai,Post Graduation,others,City,Rural,Private,State Board,Multi,3.3333333333333335,3.0,3.0,3.0,4.0,4.166666666666667,3.8333333333333335,4.333333333333333,A
52,20 to 25,Female,Tirupati,Under Graduation,medicine,Town,Town,Private,State Board,Multi,4.0,3.6666666666666665,3.0,4.0,4.0,4.0,3.0,3.5,K
53,25 to 30,Male,Tirupati,Under Graduation,Engineering,Town,Town,Private,State Board,Multi,3.0,3.6666666666666665,3.0,3.0,4.0,3.1666666666666665,2.6666666666666665,3.6666666666666665,K
54,20 to 25,Male,chennai,Under Graduation,Engineering,City;Rural;Town,City,Private,State Board,Multi,1.6666666666666667,1.6666666666666667,2.0,2.0,4.166666666666667,4.833333333333333,3.0,4.333333333333333,K
55,25 to 30,Male,chennai,Post Graduation,Engineering,City,City,Private,State Board,Multi,3.0,3.6666666666666665,4.0,3.6666666666666665,2.8333333333333335,2.8333333333333335,3.0,3.3333333333333335,A
56,20 to 25,Female,Hyderabad,Under Graduation,Engineering,City,City,Private,Central Board,Multi,5.0,5.0,5.0,5.0,2.8333333333333335,2.3333333333333335,2.8333333333333335,2.5,R
57,<20,Female,Port_Blair,Under Graduation,Engineering,Rural,Rural,Govt,Central Board,A,3.3333333333333335,4.333333333333333,3.0,3.6666666666666665,4.166666666666667,4.333333333333333,4.0,4.0,K
58,<20,Female,Tirunelveli,Under Graduation,Arts,Town,City,Private,State Board,Multi,4.333333333333333,3.0,3.3333333333333335,2.3333333333333335,3.8333333333333335,3.0,2.6666666666666665,3.8333333333333335,K
59,20 to 25,Male,Hyderabad,Under Graduation,Engineering,City,City,Private,State Board,Multi,1.0,1.0,1.0,2.3333333333333335,4.333333333333333,2.6666666666666665,3.3333333333333335,3.0,A
60,20 to 25,Male,chennai,Under Graduation,Engineering,City;Town,Town,Private,State Board,Multi,3.0,3.6666666666666665,2.6666666666666665,3.0,3.0,3.1666666666666665,2.6666666666666665,4.0,V
61,20 to 25,Male,Hyderabad,Post Graduation,Engineering,City,City,Private,State Board,Multi,3.0,3.0,3.0,3.0,3.0,3.0,3.0,3.0,K
62,20 to 25,Male,Hyderabad,Under Graduation,Engineering,City,City,Private,State Board,Multi,3.0,3.0,3.0,3.0,4.5,3.8333333333333335,4.333333333333333,3.6666666666666665,A
63,20 to 25,Male,Hyderabad,Under Graduation,Engineering,City,City,Private,State Board,Multi,1.0,1.0,1.0,1.0,5.0,3.6666666666666665,4.666666666666667,4.666666666666667,Multi
64,20 to 25,Male,Hyderabad,Under Graduation,Engineering,City,City,Private,State Board,Multi,2.6666666666666665,3.3333333333333335,3.0,3.0,3.1666666666666665,2.8333333333333335,2.6666666666666665,3.6666666666666665,V
65,20 to 25,Male,Hyderabad,Under Graduation,Engineering,City,City,Private,State Board,V,3.3333333333333335,2.6666666666666665,2.6666666666666665,3.0,4.5,4.166666666666667,3.5,3.8333333333333335,K
66,20 to 25,Male,Hyderabad,Under Graduation,Engineering,City;Town,City;Town,Private,State Board,K,3.3333333333333335,2.3333333333333335,3.6666666666666665,3.3333333333333335,4.166666666666667,2.3333333333333335,3.5,4.333333333333333,K
67,20 to 25,Male,Hyderabad,Under Graduation,Engineering,City,City,Private,State Board,K,3.0,2.3333333333333335,2.6666666666666665,3.0,3.1666666666666665,3.1666666666666665,3.1666666666666665,3.5,K
68,20 to 25,Male,chennai,Under Graduation,Engineering,City,City,Private,State Board,V,4.0,3.6666666666666665,3.6666666666666665,3.3333333333333335,4.5,4.0,4.0,4.166666666666667,K
69,<20,Male,Hyderabad,Under Graduation,Engineering,City,City,Private,State Board,Multi,3.6666666666666665,3.0,3.3333333333333335,3.6666666666666665,3.5,2.8333333333333335,2.0,3.0,A
70,20 to 25,Male,Vijayawada,Under Graduation,Engineering,City,City,Private,State Board,Multi,4.666666666666667,4.666666666666667,4.333333333333333,4.333333333333333,3.1666666666666665,3.1666666666666665,3.0,3.1666666666666665,K
71,20 to 25,Male,chennai,Under Graduation,Engineering,City,City,Private,Central Board,V,4.333333333333333,2.6666666666666665,2.6666666666666665,2.3333333333333335,4.333333333333333,3.8333333333333335,3.1666666666666665,3.3333333333333335,Multi
72,20 to 25,Male,Hyderabad,Under Graduation,Engineering,City,City,Private,State Board,A,3.0,3.3333333333333335,3.0,3.0,3.1666666666666665,3.1666666666666665,3.1666666666666665,3.0,A
73,20 to 25,Male,Hyderabad,Under Graduation,Engineering,Town,Town,Govt,State Board,Multi,3.3333333333333335,3.3333333333333335,3.3333333333333335,4.0,2.5,3.1666666666666665,2.3333333333333335,2.6666666666666665,Multi
74,20 to 25,Female,chennai,Post Graduation,others,City,City,Private,State Board,K,4.0,4.0,3.3333333333333335,3.3333333333333335,3.1666666666666665,3.3333333333333335,3.0,3.6666666666666665,K
75,20 to 25,Male,chennai,Under Graduation,Engineering,City,City,Private,Central Board,K,2.3333333333333335,2.3333333333333335,2.6666666666666665,3.0,4.0,3.8333333333333335,3.5,4.666666666666667,K
76,20 to 25,Female,Vijayawada,Under Graduation,Engineering,Town,Town,Private,State Board,A,3.6666666666666665,3.3333333333333335,4.0,4.0,4.833333333333333,5.0,4.166666666666667,4.833333333333333,A
77,20 to 25,Male,chennai,Under Graduation,Engineering,Town,Rural,Private,State Board,Multi,4.0,4.333333333333333,4.666666666666667,4.333333333333333,4.833333333333333,5.0,5.0,4.5,K
78,20 to 25,Female,Tirupati,Post Graduation,Mathematics,Town,Town,Private,State Board,Multi,3.6666666666666665,4.0,4.333333333333333,4.333333333333333,4.0,4.0,2.8333333333333335,3.8333333333333335,R
79,<20,Female,chennai,Under Graduation,Arts,Rural,Town,Private,State Board,K,2.6666666666666665,3.3333333333333335,3.0,4.333333333333333,4.166666666666667,4.166666666666667,4.333333333333333,4.333333333333333,K
80,20 to 25,Male,Nellore,Under Graduation,Engineering,Rural,Rural,Private,State Board,Multi,5.0,5.0,5.0,5.0,3.0,3.0,3.0,3.0,R
81,20 to 25,Male,Bangalore,Under Graduation,Engineering,City,City,Private,State Board,Multi,2.6666666666666665,3.0,4.0,2.3333333333333335,5.0,5.0,5.0,5.0,K
82,25 to 30,Male,Tirunelveli,Under Graduation,Engineering,City;Town,City;Rural,Govt,State Board,K,2.0,2.0,2.6666666666666665,3.6666666666666665,4.5,4.166666666666667,4.5,5.0,K
83,20 to 25,Male,Tirupati,Under Graduation,Engineering,City,City,Private,State Board,Multi,2.0,2.3333333333333335,2.0,2.0,4.0,3.6666666666666665,3.6666666666666665,3.8333333333333335,Multi
84,20 to 25,Male,chennai,Under Graduation,Engineering,Rural,Town,Private,State Board,Multi,4.333333333333333,3.6666666666666665,2.6666666666666665,4.0,3.8333333333333335,3.5,3.0,4.166666666666667,A
85,20 to 25,Male,medak,Under Graduation,Engineering,Rural,City,Private,State Board,Multi,2.0,2.0,2.0,2.0,4.0,4.0,4.0,4.0,A
86,20 to 25,Male,chennai,Under Graduation,Engineering,City;Town,Town,Private,State Board,V,3.0,3.0,3.3333333333333335,3.3333333333333335,4.0,3.0,2.5,2.8333333333333335,V
87,20 to 25,Male,chennai,Under Graduation,sciences,Rural;Town,Town,Private,State Board,Multi,1.6666666666666667,2.3333333333333335,1.6666666666666667,1.6666666666666667,4.166666666666667,4.166666666666667,4.0,3.5,K
88,20 to 25,Male,chennai,Under Graduation,Engineering,City,City,Private,State Board,Multi,1.6666666666666667,2.0,3.6666666666666665,3.3333333333333335,4.0,4.5,3.5,3.5,K
89,20 to 25,Male,Bangalore,Under Graduation,Engineering,Rural;Town,Rural;Town,Private,State Board,Multi,4.666666666666667,5.0,5.0,5.0,3.6666666666666665,3.6666666666666665,3.6666666666666665,3.6666666666666665,A
90,20 to 25,Female,chennai,Post Graduation,Management,Town,Town,Private,State Board,K,3.6666666666666665,3.6666666666666665,3.6666666666666665,4.0,3.3333333333333335,3.3333333333333335,3.0,2.5,K
91,20 to 25,Male,Vijayawada,Under Graduation,Engineering,Town,Rural,Private,State Board,V,3.3333333333333335,3.0,3.0,3.0,3.3333333333333335,3.3333333333333335,3.3333333333333335,2.8333333333333335,V
92,20 to 25,Female,chennai,Under Graduation,medicine,City,City,Govt,Central Board,A,2.6666666666666665,3.3333333333333335,2.3333333333333335,2.6666666666666665,3.6666666666666665,4.166666666666667,3.1666666666666665,3.5,Multi
93,<20,Male,Hyderabad,Under Graduation,Engineering,City,City,Private,State Board,V,3.0,2.3333333333333335,2.3333333333333335,3.6666666666666665,3.3333333333333335,2.8333333333333335,1.8333333333333333,3.0,V
94,20 to 25,Female,chennai,Doctorial,Arts,City,City,Private,State Board,Multi,3.6666666666666665,5.0,5.0,2.3333333333333335,4.666666666666667,4.333333333333333,4.666666666666667,4.0,K
95,20 to 25,Female,Tirupati,Post Graduation,sciences,Town,Rural,Govt,State Board,Multi,2.3333333333333335,2.6666666666666665,3.0,3.0,3.8333333333333335,3.3333333333333335,3.1666666666666665,3.3333333333333335,R
96,20 to 25,Male,Bangalore,Post Graduation,Engineering,Town,Town,Private,State Board,K,2.6666666666666665,4.333333333333333,4.333333333333333,3.0,4.666666666666667,3.6666666666666665,3.3333333333333335,5.0,K
97,20 to 25,Female,Bangalore,Post Graduation,sciences,Town,Town,Private,State Board,V,4.0,3.0,3.0,3.3333333333333335,3.5,2.3333333333333335,2.8333333333333335,2.8333333333333335,K
98,20 to 25,Female,Tirupati,Post Graduation,Arts,City;Rural;Town,Town,Private,State Board,Multi,2.6666666666666665,3.3333333333333335,3.6666666666666665,3.0,3.3333333333333335,3.6666666666666665,3.3333333333333335,3.5,K
99,20 to 25,Male,chennai,Under Graduation,Engineering,City,City,Private,Central Board,V,3.6666666666666665,2.3333333333333335,4.0,2.6666666666666665,3.8333333333333335,2.3333333333333335,1.1666666666666667,2.8333333333333335,V
100,20 to 25,Female,Tirupati,Post Graduation,medicine,City,City,Private,State Board,Multi,2.3333333333333335,3.0,2.3333333333333335,2.6666666666666665,4.166666666666667,3.3333333333333335,2.3333333333333335,2.5,Multi
101,20 to 25,Male,Bangalore,Under Graduation,Engineering,City;Town,City;Town,Private,State Board,Multi,3.0,3.0,3.0,3.0,2.8333333333333335,2.6666666666666665,3.0,3.0,A
102,25 to 30,Male,Bangalore,Post Graduation,Engineering,Rural,Rural,Private,State Board,Multi,3.3333333333333335,3.3333333333333335,4.333333333333333,3.0,4.166666666666667,4.333333333333333,4.166666666666667,4.333333333333333,A
103,20 to 25,Female,Tirupati,Post Graduation,Arts,Town,Town,Private,State Board,K,2.6666666666666665,2.6666666666666665,2.3333333333333335,2.0,4.5,3.6666666666666665,4.333333333333333,4.666666666666667,K
104,<20,Female,Nellore,Under Graduation,medicine,Rural,Rural,Private,State Board,K,3.6666666666666665,3.3333333333333335,2.6666666666666665,4.0,3.5,4.0,3.5,4.0,K
105,20 to 25,Female,chennai,Post Graduation,Management,Town,Town,Private,State Board,Multi,3.6666666666666665,4.0,4.0,3.0,3.8333333333333335,3.3333333333333335,2.8333333333333335,3.8333333333333335,K
106,20 to 25,Female,Tirupati,Post Graduation,Arts,Rural,City;Rural,Private,State Board,K,1.6666666666666667,2.0,1.3333333333333333,2.0,3.3333333333333335,3.5,3.1666666666666665,3.6666666666666665,K
107,20 to 25,Female,Visakapatnam,Under Graduation,law,Rural,Town,Private,State Board,K,1.6666666666666667,1.3333333333333333,1.3333333333333333,2.0,2.8333333333333335,3.8333333333333335,3.3333333333333335,4.0,K
108,30+,Female,Tirupati,Post Graduation,Arts,City;Town,City;Town,Private,State Board,Multi,1.6666666666666667,3.3333333333333335,2.6666666666666665,2.0,4.0,3.1666666666666665,4.333333333333333,4.166666666666667,K
109,20 to 25,Female,Tirupati,Post Graduation,statistics,City;Rural,Rural,Govt,State Board,K,1.3333333333333333,1.6666666666666667,2.0,2.6666666666666665,4.333333333333333,3.8333333333333335,3.5,4.5,Multi
110,20 to 25,Female,Bangalore,Under Graduation,Engineering,City,City,Private,State Board,Multi,3.0,3.6666666666666665,3.3333333333333335,3.3333333333333335,3.1666666666666665,2.6666666666666665,3.0,3.1666666666666665,K
111,25 to 30,Female,Tirupati,Post Graduation,Arts,Town,Town,Private,State Board,A,2.3333333333333335,4.0,3.3333333333333335,2.6666666666666665,3.1666666666666665,3.6666666666666665,3.3333333333333335,3.1666666666666665,Multi
112,20 to 25,Male,Bangalore,Under Graduation,Engineering,City;Town,Town,Private,State Board,Multi,4.333333333333333,4.333333333333333,4.666666666666667,3.0,4.166666666666667,3.5,2.6666666666666665,4.166666666666667,A
113,20 to 25,Female,Tirupati,Post Graduation,sciences,Rural;Town,City;Town,Private,State Board,Multi,2.3333333333333335,3.0,3.0,2.0,4.333333333333333,4.0,3.5,4.166666666666667,K
114,20 to 25,Female,Tirupati,Post Graduation,medicine,City,City,Private,State Board,Multi,4.666666666666667,4.666666666666667,4.333333333333333,4.333333333333333,5.0,5.0,5.0,5.0,K
115,20 to 25,Female,chennai,Post Graduation,sciences,Town,Town,Govt,State Board,Multi,4.0,4.0,3.0,3.0,3.6666666666666665,3.6666666666666665,4.5,3.6666666666666665,K
116,20 to 25,Male,Bangalore,Post Graduation,Engineering,Rural,Town,Private,State Board,Multi,1.3333333333333333,2.3333333333333335,1.6666666666666667,2.3333333333333335,2.5,3.3333333333333335,3.3333333333333335,4.5,R
117,20 to 25,Female,Tirupati,Post Graduation,Arts,Town,Town,Private,State Board,Multi,1.6666666666666667,2.0,2.3333333333333335,2.3333333333333335,3.6666666666666665,3.8333333333333335,3.8333333333333335,4.0,A
118,20 to 25,Female,Tirupati,Post Graduation,Arts,City,City,Private,State Board,Multi,3.3333333333333335,3.3333333333333335,2.3333333333333335,1.6666666666666667,3.5,4.0,3.1666666666666665,4.0,K
119,20 to 25,Female,chennai,Post Graduation,Arts,City,City,Private,State Board,K,1.6666666666666667,3.3333333333333335,3.3333333333333335,3.6666666666666665,3.8333333333333335,4.333333333333333,4.166666666666667,3.6666666666666665,K
120,20 to 25,Female,Hyderabad,Post Graduation,Management,Town,City,Private,State Board,Multi,4.0,2.3333333333333335,4.0,2.0,4.666666666666667,2.0,1.5,4.0,K
121,20 to 25,Female,Bangalore,Under Graduation,sciences,City;Rural,Rural,Private,Central Board,Multi,3.0,3.6666666666666665,2.3333333333333335,3.0,4.0,3.3333333333333335,4.0,3.8333333333333335,K
122,<20,Male,Vijayawada,Under Graduation,Engineering,Rural,Town,Private,State Board,K,3.0,4.0,3.0,4.333333333333333,3.8333333333333335,3.8333333333333335,3.6666666666666665,4.0,A
123,20 to 25,Male,Hyderabad,Under Graduation,Engineering,Town,Town,Private,State Board,Multi,3.0,4.333333333333333,3.3333333333333335,4.333333333333333,4.833333333333333,4.666666666666667,5.0,4.333333333333333,K
124,<20,Female,Port_Blair,Under Graduation,Engineering,Town,Rural,Govt,Central Board,Multi,3.0,3.3333333333333335,3.6666666666666665,4.333333333333333,4.0,3.3333333333333335,1.8333333333333333,4.0,Multi
125,20 to 25,Female,Tirupati,Post Graduation,sciences,Rural,Rural,Private,State Board,K,3.6666666666666665,3.6666666666666665,2.6666666666666665,4.0,3.1666666666666665,4.166666666666667,3.0,4.166666666666667,K
126,20 to 25,Male,chennai,Post Graduation,Management,City,City,Private,Central Board,V,3.0,3.0,3.0,3.0,3.6666666666666665,3.3333333333333335,3.3333333333333335,3.1666666666666665,V
127,<20,Male,chennai,Under Graduation,Arts,City,City,Private,State Board,Multi,3.3333333333333335,3.6666666666666665,3.3333333333333335,3.6666666666666665,2.8333333333333335,3.1666666666666665,3.6666666666666665,3.3333333333333335,Multi
128,20 to 25,Female,Tirupati,Post Graduation,Arts,City,Town,Private,State Board,K,3.6666666666666665,2.6666666666666665,3.3333333333333335,4.0,3.8333333333333335,3.5,3.0,4.5,A
129,20 to 25,Female,Mumbai,Post Graduation,medicine,City,City,Private,State Board,Multi,3.6666666666666665,4.333333333333333,4.333333333333333,3.3333333333333335,4.166666666666667,3.8333333333333335,3.0,3.5,K
130,<20,Male,chennai,Under Graduation,Engineering,Rural,Rural,Govt,State Board,Multi,3.0,3.3333333333333335,3.6666666666666665,2.6666666666666665,4.166666666666667,4.5,4.5,3.5,Multi
131,30+,Male,chennai,Under Graduation,Engineering,Rural,Rural,Govt,State Board,Multi,5.0,5.0,4.333333333333333,4.666666666666667,4.0,3.3333333333333335,4.0,4.5,A
132,<20,Male,chennai,Under Graduation,Engineering,City;Rural,Rural;Town,Private,State Board,Multi,1.0,5.0,1.0,3.6666666666666665,4.333333333333333,3.8333333333333335,3.6666666666666665,4.333333333333333,K
133,20 to 25,Female,chennai,Under Graduation,Arts,City,City,Private,State Board,A,4.666666666666667,4.333333333333333,4.333333333333333,4.666666666666667,4.0,4.5,4.333333333333333,4.333333333333333,A
134,20 to 25,Female,Tirupati,Under Graduation,Engineering,City,City,Private,State Board,K,2.0,2.0,2.0,2.6666666666666665,3.5,3.5,2.5,3.5,K
135,20 to 25,Female,Tirupati,Post Graduation,medicine,City,City,Private,State Board,A,3.3333333333333335,2.3333333333333335,2.6666666666666665,3.3333333333333335,3.3333333333333335,3.8333333333333335,2.8333333333333335,2.1666666666666665,A
136,<20,Female,Tirupati,Under Graduation,Management,Town,City,Private,State Board,Multi,4.0,3.0,4.333333333333333,3.6666666666666665,4.166666666666667,4.333333333333333,3.0,3.3333333333333335,K
137,20 to 25,Female,Tirupati,Post Graduation,sciences,Rural,City;Town,Private,State Board,Multi,4.333333333333333,4.0,4.0,3.6666666666666665,4.166666666666667,4.333333333333333,4.166666666666667,3.8333333333333335,K
138,20 to 25,Female,Bangalore,Under Graduation,medicine,City,City,Private,State Board,A,2.3333333333333335,4.333333333333333,3.6666666666666665,4.333333333333333,3.3333333333333335,4.0,2.6666666666666665,3.3333333333333335,A
139,25 to 30,Female,Tirupati,Post Graduation,medicine,Town,Town,Private,State Board,Multi,4.333333333333333,4.666666666666667,3.6666666666666665,4.333333333333333,4.333333333333333,3.5,4.5,3.6666666666666665,K
140,25 to 30,Female,Tirupati,Post Graduation,medicine,Rural,Rural,Private,State Board,K,1.6666666666666667,2.3333333333333335,2.3333333333333335,2.6666666666666665,4.666666666666667,4.166666666666667,4.333333333333333,4.333333333333333,K
141,20 to 25,Male,chennai,Post Graduation,Arts,City,City,Private,State Board,Multi,3.0,3.0,3.0,3.0,3.0,3.0,3.0,3.0,A
142,20 to 25,Male,Bangalore,Post Graduation,Arts,Rural,Town,Private,State Board,Multi,3.6666666666666665,4.0,3.0,3.6666666666666665,3.6666666666666665,4.166666666666667,3.6666666666666665,4.166666666666667,Multi
143,<20,Female,Kurnool,Under Graduation,Arts,Town,Town,Private,State Board,Multi,3.0,2.6666666666666665,4.0,3.3333333333333335,3.6666666666666665,4.0,3.1666666666666665,4.0,A
144,20 to 25,Female,Hyderabad,Under Graduation,Management,City,City,Private,Central Board,Multi,2.6666666666666665,3.3333333333333335,3.0,3.0,3.6666666666666665,3.6666666666666665,3.1666666666666665,3.6666666666666665,Multi
145,<20,Female,Kurnool,Under Graduation,Management,Rural,Town,Private,State Board,Multi,3.0,2.6666666666666665,2.3333333333333335,3.0,3.6666666666666665,4.333333333333333,3.6666666666666665,4.166666666666667,K
146,20 to 25,Male,Tirupati,Post Graduation,others,Town,City,Private,State Board,K,3.3333333333333335,3.6666666666666665,3.0,3.6666666666666665,3.8333333333333335,1.6666666666666667,2.3333333333333335,4.166666666666667,K
147,<20,Female,Tirupati,Under Graduation,Engineering,Town,Town,Private,State Board,Multi,3.6666666666666665,3.6666666666666665,3.3333333333333335,2.3333333333333335,4.666666666666667,4.0,3.0,4.333333333333333,K
148,25 to 30,Female,Tirupati,Post Graduation,medicine,Rural,Rural,Govt,State Board,Multi,3.0,3.6666666666666665,2.0,2.6666666666666665,4.833333333333333,2.6666666666666665,3.8333333333333335,4.333333333333333,Multi
149,20 to 25,Male,chennai,Under Graduation,Engineering,Town,Town,Private,State Board,Multi,3.0,2.6666666666666665,2.3333333333333335,2.3333333333333335,4.5,4.166666666666667,3.1666666666666665,4.5,K
150,20 to 25,Female,Guntur,Under Graduation,Engineering,Town,Town,Private,State Board,K,2.3333333333333335,3.3333333333333335,2.6666666666666665,3.6666666666666665,4.0,2.8333333333333335,2.8333333333333335,3.8333333333333335,K
151,20 to 25,Female,chennai,Post Graduation,commerce,City,City,Private,State Board,K,3.6666666666666665,4.0,3.3333333333333335,4.333333333333333,5.0,4.833333333333333,3.8333333333333335,4.666666666666667,K
152,<20,Female,Tirupati,Under Graduation,Management,Town,Town,Private,State Board,K,3.0,4.0,3.6666666666666665,4.333333333333333,3.8333333333333335,4.0,3.3333333333333335,3.5,K
153,25 to 30,Female,Guntur,Post Graduation,Engineering,City,City,Private,State Board,V,4.333333333333333,3.6666666666666665,3.6666666666666665,3.3333333333333335,2.6666666666666665,4.166666666666667,3.3333333333333335,4.0,V
154,<20,Female,Tirupati,Under Graduation,Accountancy,Rural,Rural;Town,Private,State Board,V,5.0,4.333333333333333,4.0,3.6666666666666665,5.0,4.166666666666667,3.8333333333333335,4.666666666666667,K
155,20 to 25,Female,Tirupati,Under Graduation,Management,City,City,Private,State Board,K,3.6666666666666665,4.0,3.6666666666666665,2.0,3.5,3.6666666666666665,3.1666666666666665,4.0,K
156,25 to 30,Female,Tirupati,Doctorial,sciences,City,Town,Private,State Board,Multi,2.0,3.0,2.6666666666666665,3.0,3.6666666666666665,3.5,4.0,3.8333333333333335,K
157,20 to 25,Male,Tirunelveli,Under Graduation,Engineering,City,City,Govt,State Board,Multi,4.0,4.333333333333333,4.0,4.666666666666667,4.5,4.666666666666667,4.666666666666667,4.333333333333333,Multi
158,20 to 25,Female,Tirupati,Under Graduation,Management,Town,Town,Private,State Board,Multi,4.666666666666667,3.3333333333333335,4.0,4.333333333333333,3.6666666666666665,3.6666666666666665,2.3333333333333335,4.0,A
159,<20,Female,Chittoor,Under Graduation,Engineering,Town,Town,Private,State Board,K,2.3333333333333335,3.6666666666666665,4.333333333333333,3.3333333333333335,4.333333333333333,4.0,3.1666666666666665,4.5,K
160,<20,Female,Nellore,Under Graduation,Arts,Town,Town,Private,Central Board,Multi,3.0,3.0,3.0,3.0,3.0,2.8333333333333335,3.0,3.0,A
161,<20,Male,Tirupati,Under Graduation,Management,City;Rural;Town,City,Private,State Board,Multi,2.0,2.0,2.0,2.0,4.333333333333333,3.8333333333333335,4.333333333333333,4.0,R
162,<20,Female,Kurnool,Under Graduation,commerce,Town,Town,Private,State Board,Multi,3.3333333333333335,3.6666666666666665,3.0,3.0,3.6666666666666665,2.8333333333333335,3.1666666666666665,3.3333333333333335,K
163,<20,Male,Tirupati,Under Graduation,Arts,City,City,Private,State Board,K,1.0,4.0,2.3333333333333335,4.333333333333333,4.0,4.166666666666667,4.333333333333333,4.5,K
164,20 to 25,Male,Tirunelveli,Under Graduation,Engineering,Rural,Rural,Govt,State Board,Multi,4.0,4.333333333333333,4.333333333333333,4.333333333333333,4.5,4.666666666666667,4.666666666666667,4.5,Multi
165,<20,Female,Bangalore,Under Graduation,humanities,Town,Town,Private,State Board,Multi,3.6666666666666665,3.3333333333333335,3.3333333333333335,3.0,3.5,3.5,4.166666666666667,4.666666666666667,R
166,20 to 25,Female,Tirupati,Under Graduation,medicine,Town,City,Govt,State Board,Multi,2.6666666666666665,3.3333333333333335,2.6666666666666665,3.3333333333333335,4.666666666666667,3.5,4.333333333333333,4.166666666666667,K
167,<20,Female,Tirupati,Under Graduation,Management,City,Town,Private,State Board,Multi,3.6666666666666665,3.0,3.6666666666666665,3.0,4.166666666666667,3.8333333333333335,4.166666666666667,4.333333333333333,Multi
168,25 to 30,Male,Hyderabad,Under Graduation,Engineering,City,City,Private,State Board,Multi,3.3333333333333335,2.6666666666666665,2.6666666666666665,3.6666666666666665,4.5,2.1666666666666665,3.8333333333333335,3.5,R
169,<20,Female,Tirupati,Under Graduation,medicine,Town,Town,Private,State Board,Multi,2.3333333333333335,1.6666666666666667,1.0,1.0,4.166666666666667,3.3333333333333335,4.333333333333333,4.333333333333333,Multi
170,25 to 30,Female,Hyderabad,Under Graduation,Engineering,City,City,Private,State Board,Multi,4.333333333333333,4.666666666666667,4.666666666666667,3.6666666666666665,4.833333333333333,4.833333333333333,4.833333333333333,4.333333333333333,Multi
171,20 to 25,Female,Guntur,Post Graduation,others,City;Rural;Town,City;Rural;Town,Private,State Board,K,2.3333333333333335,4.333333333333333,4.0,2.0,3.8333333333333335,3.8333333333333335,3.1666666666666665,4.0,K
172,25 to 30,Male,tirivallur,Under Graduation,Engineering,Town,Town,Private,Other,Multi,4.333333333333333,5.0,5.0,3.6666666666666665,4.333333333333333,3.1666666666666665,2.6666666666666665,3.0,K
173,20 to 25,Female,chennai,Under Graduation,Engineering,Town,Town,Private,Other,K,3.3333333333333335,3.0,3.0,2.6666666666666665,4.333333333333333,4.0,2.8333333333333335,4.5,K
174,20 to 25,Female,Tirupati,Under Graduation,Arts,Town,Town,Private,State Board,Multi,1.6666666666666667,2.0,2.3333333333333335,3.3333333333333335,3.6666666666666665,4.0,4.0,4.0,A
175,<20,Female,Nellore,Under Graduation,Engineering,Town,Town,Private,State Board,A,2.3333333333333335,2.3333333333333335,4.0,2.6666666666666665,3.8333333333333335,4.333333333333333,3.6666666666666665,4.166666666666667,A
176,25 to 30,Female,Tirupati,Under Graduation,Engineering,Rural,City,Govt,State Board,Multi,4.0,4.0,4.333333333333333,4.0,4.833333333333333,3.1666666666666665,4.0,1.8333333333333333,A
177,20 to 25,Female,Tirupati,Under Graduation,sciences,City,Rural,Govt,Central Board,Multi,2.0,2.3333333333333335,1.6666666666666667,1.6666666666666667,3.5,3.5,3.3333333333333335,3.3333333333333335,K
178,<20,Female,Kurnool,Under Graduation,others,City,City,Private,State Board,Multi,3.0,2.3333333333333335,2.3333333333333335,4.0,3.6666666666666665,3.6666666666666665,4.0,3.0,Multi
179,20 to 25,Female,Tirupati,Under Graduation,Management,City,Town,Govt,State Board,Multi,2.3333333333333335,2.6666666666666665,3.0,1.6666666666666667,4.333333333333333,4.5,3.6666666666666665,4.5,Multi
180,20 to 25,Male,chennai,Post Graduation,computer_science,City;Rural;Town,City,Private,State Board,K,3.6666666666666665,4.0,4.0,4.333333333333333,4.0,3.8333333333333335,3.5,4.166666666666667,K
181,20 to 25,Male,Tirupati,Under Graduation,sciences,City;Rural;Town,City;Town,Private,State Board,K,2.6666666666666665,3.3333333333333335,3.6666666666666665,2.3333333333333335,3.6666666666666665,4.166666666666667,4.333333333333333,4.666666666666667,K
182,25 to 30,Male,Hassan,Under Graduation,Engineering,Rural,City,Private,State Board,Multi,4.0,4.0,3.6666666666666665,4.666666666666667,4.166666666666667,4.333333333333333,4.333333333333333,4.0,A
183,20 to 25,Female,Tirupati,Under Graduation,sciences,City,City,Private,State Board,A,3.3333333333333335,4.333333333333333,3.6666666666666665,3.3333333333333335,3.6666666666666665,3.3333333333333335,4.166666666666667,3.5,A
184,20 to 25,Male,chennai,Post Graduation,computer_science,Town,Rural,Private,State Board,Multi,5.0,5.0,5.0,5.0,5.0,4.5,5.0,4.833333333333333,A
185,20 to 25,Female,Tirupati,Post Graduation,Engineering,Town,Town,Private,State Board,A,4.333333333333333,4.0,4.666666666666667,4.333333333333333,4.166666666666667,4.833333333333333,4.333333333333333,4.5,A
186,25 to 30,Female,Tirupati,Post Graduation,medicine,Town,Town,Private,State Board,Multi,5.0,5.0,4.333333333333333,4.666666666666667,4.666666666666667,4.833333333333333,4.666666666666667,4.666666666666667,K
187,25 to 30,Female,ongole,Doctorial,sciences,Rural,Town,Private,State Board,Multi,4.666666666666667,4.666666666666667,3.3333333333333335,3.0,4.166666666666667,3.5,3.5,4.333333333333333,Multi
188,25 to 30,Female,kadapa,Post Graduation,medicine,City;Town,City,Private,State Board,Multi,3.0,2.3333333333333335,4.0,4.0,2.8333333333333335,3.6666666666666665,3.3333333333333335,4.166666666666667,A
189,20 to 25,Female,Tirupati,Under Graduation,medicine,City,City,Private,State Board,V,3.6666666666666665,3.3333333333333335,2.6666666666666665,3.0,4.833333333333333,4.0,4.333333333333333,4.0,A
190,20 to 25,Female,Guntur,Under Graduation,Arts,City,City,Govt,State Board,Multi,2.6666666666666665,3.0,1.6666666666666667,3.6666666666666665,2.5,3.0,3.5,2.8333333333333335,A
191,30+,Male,Tirupati,Post Graduation,Arts,Town,City,Private,State Board,Multi,5.0,5.0,5.0,5.0,4.0,4.666666666666667,4.833333333333333,4.833333333333333,R
192,<20,Female,Chittoor,Under Graduation,Engineering,Town,Town,Govt,State Board,R,3.6666666666666665,3.6666666666666665,4.0,3.0,4.0,3.5,4.5,3.3333333333333335,V
193,25 to 30,Male,chennai,Post Graduation,Engineering,City,City,Private,State Board,Multi,4.0,4.0,4.0,3.6666666666666665,4.166666666666667,4.333333333333333,3.6666666666666665,3.5,K
194,20 to 25,Female,chennai,Under Graduation,Arts,City;Rural,City,Private,State Board,A,1.0,1.3333333333333333,1.0,1.0,5.0,4.333333333333333,4.833333333333333,4.666666666666667,A
195,20 to 25,Male,Tiruttani,Under Graduation,Engineering,Town,Town,Private,State Board,Multi,4.333333333333333,4.666666666666667,3.6666666666666665,4.333333333333333,4.0,4.0,3.8333333333333335,4.166666666666667,Multi
196,20 to 25,Female,Guntakal,Under Graduation,Engineering,Town,Town,Private,State Board,K,3.3333333333333335,3.3333333333333335,3.6666666666666665,3.0,4.0,3.1666666666666665,3.5,4.166666666666667,K
197,<20,Female,udupi,Under Graduation,Management,City,City,Private,Other,A,2.0,3.0,2.3333333333333335,2.6666666666666665,3.1666666666666665,3.0,3.0,3.1666666666666665,A
198,20 to 25,Male,Nellore,Under Graduation,medicine,City,Rural,Govt,State Board,Multi,2.6666666666666665,3.0,3.0,3.0,3.1666666666666665,3.1666666666666665,2.8333333333333335,3.5,R
199,25 to 30,Female,chennai,Under Graduation,Engineering,Town,Town,Private,Central Board,Multi,3.0,3.3333333333333335,4.0,2.3333333333333335,3.6666666666666665,3.3333333333333335,3.3333333333333335,3.0,K
200,20 to 25,Female,Rajampeta,Under Graduation,others,Town,Town,Private,State Board,Multi,2.6666666666666665,2.3333333333333335,3.6666666666666665,2.6666666666666665,2.3333333333333335,4.666666666666667,2.6666666666666665,1.8333333333333333,V
201,20 to 25,Female,chennai,Post Graduation,Arts,City,City,Private,State Board,A,1.6666666666666667,1.6666666666666667,3.6666666666666665,2.3333333333333335,4.166666666666667,4.833333333333333,4.333333333333333,3.8333333333333335,A
202,20 to 25,Male,Tirupati,Under Graduation,Engineering,City;Rural;Town,Town,Govt,State Board,Multi,1.0,1.0,1.0,1.0,3.0,3.0,3.0,3.0,V
203,20 to 25,Male,Tirupati,Under Graduation,medicine,City,City,Other,Central Board,Multi,3.3333333333333335,2.3333333333333335,3.0,3.3333333333333335,3.6666666666666665,3.3333333333333335,3.5,4.0,R
204,20 to 25,Male,chennai,Post Graduation,Arts,City,City,Private,State Board,Multi,3.0,3.0,3.0,3.0,3.0,3.0,3.0,3.0,A
205,<20,Male,chennai,Under Graduation,Engineering,City,City,Private,State Board,A,4.0,3.6666666666666665,4.0,3.6666666666666665,3.8333333333333335,4.0,3.8333333333333335,3.6666666666666665,A
206,25 to 30,Female,chennai,Post Graduation,Management,Rural;Town,Rural;Town,Other,State Board,Multi,3.3333333333333335,4.666666666666667,3.6666666666666665,4.0,4.5,4.5,4.166666666666667,3.8333333333333335,K
207,20 to 25,Male,chennai,Under Graduation,Engineering,Town,Town,Private,State Board,A,3.0,4.0,3.3333333333333335,2.6666666666666665,2.3333333333333335,4.333333333333333,4.0,3.8333333333333335,K
208,20 to 25,Male,Tenkasi,Under Graduation,medicine,Town,Town,Other,State Board,K,4.0,3.3333333333333335,4.0,3.0,3.5,3.3333333333333335,3.3333333333333335,3.6666666666666665,K
209,<20,Male,Kanchipuram,Under Graduation,Engineering,City,City,Private,Central Board,Multi,1.0,3.3333333333333335,4.0,2.6666666666666665,4.666666666666667,3.3333333333333335,3.3333333333333335,3.8333333333333335,A
210,20 to 25,Male,coimbatore,Post Graduation,Arts,City,City,Private,State Board,A,3.3333333333333335,3.0,2.3333333333333335,3.0,2.0,3.0,2.5,2.3333333333333335,A
211,<20,Female,chennai,Post Graduation,Arts,City,City,Private,Central Board,Multi,3.0,3.6666666666666665,3.6666666666666665,3.0,3.6666666666666665,3.8333333333333335,2.6666666666666665,2.0,V
212,20 to 25,Female,chennai,Post Graduation,Management,Town,Town,Private,State Board,Multi,3.0,2.6666666666666665,2.0,2.6666666666666665,4.0,4.333333333333333,4.166666666666667,4.5,A
213,20 to 25,Male,chennai,Post Graduation,Engineering,City;Rural,Rural,Private,Central Board,Multi,3.0,3.0,2.6666666666666665,2.6666666666666665,4.0,3.0,3.5,3.8333333333333335,Multi
214,25 to 30,Female,chennai,Post Graduation,Arts,City,Town,Private,State Board,A,3.3333333333333335,4.666666666666667,3.3333333333333335,4.333333333333333,4.833333333333333,4.166666666666667,4.166666666666667,4.166666666666667,A
215,20 to 25,Male,chennai,Post Graduation,Arts,City,City,Private,State Board,Multi,4.0,4.0,4.0,4.0,4.0,3.8333333333333335,3.5,3.8333333333333335,K
216,20 to 25,Male,chennai,Post Graduation,Management,City,City,Private,State Board,Multi,4.0,4.0,4.0,4.0,4.333333333333333,4.333333333333333,4.0,3.5,K
217,20 to 25,Male,Tiruttani,Under Graduation,Engineering,Town,Town,Private,State Board,Multi,3.0,3.0,3.0,3.0,4.0,4.166666666666667,3.8333333333333335,3.8333333333333335,Multi
218,25 to 30,Female,chennai,Post Graduation,Management,Rural,Town,Private,State Board,Multi,4.0,2.6666666666666665,3.0,2.6666666666666665,4.0,3.8333333333333335,3.5,4.0,K
219,20 to 25,Male,chennai,Post Graduation,Management,City,City,Private,State Board,Multi,3.0,3.0,3.0,3.0,3.0,3.0,3.0,3.0,K
220,<20,Female,srikalahasthi,Under Graduation,Arts,Town,Town,Private,State Board,A,3.3333333333333335,4.0,2.6666666666666665,2.6666666666666665,4.333333333333333,3.6666666666666665,2.6666666666666665,3.8333333333333335,A
221,20 to 25,Female,chennai,Under Graduation,Arts,City,Town,Govt,State Board,K,2.6666666666666665,2.6666666666666665,2.6666666666666665,2.0,4.5,3.8333333333333335,3.0,4.666666666666667,K
222,25 to 30,Male,london,Doctorial,Arts,Town,Town,Private,Other,Multi,5.0,5.0,5.0,5.0,4.5,4.0,3.8333333333333335,3.5,K
223,20 to 25,Female,chennai,Post Graduation,Arts,City,City,Private,State Board,Multi,4.333333333333333,4.666666666666667,4.333333333333333,4.333333333333333,4.333333333333333,4.333333333333333,3.8333333333333335,4.0,R
224,20 to 25,Female,Tirupati,Post Graduation,sciences,Town,Town,Other,State Board,Multi,2.6666666666666665,2.3333333333333335,3.0,2.0,4.333333333333333,4.166666666666667,4.0,4.0,K
225,20 to 25,Male,chennai,Post Graduation,Management,Town,Town,Private,State Board,V,3.6666666666666665,3.0,3.0,3.0,3.8333333333333335,3.3333333333333335,2.6666666666666665,4.0,V
226,<20,Male,Port_Blair,Under Graduation,Engineering,Rural,Rural,Govt,Central Board,Multi,4.333333333333333,4.333333333333333,4.333333333333333,4.666666666666667,3.6666666666666665,4.666666666666667,4.666666666666667,3.6666666666666665,A
227,<20,Female,chennai,Under Graduation,Arts,City,City;Rural,Private,State Board,Multi,3.3333333333333335,3.6666666666666665,3.3333333333333335,3.6666666666666665,3.5,2.5,2.3333333333333335,3.3333333333333335,Multi
228,20 to 25,Male,chennai,Post Graduation,Arts,City,City,Private,State Board,A,2.6666666666666665,3.0,2.0,3.6666666666666665,3.6666666666666665,4.666666666666667,3.6666666666666665,4.166666666666667,A
229,20 to 25,Female,chennai,Post Graduation,Management,City,City;Rural,Private,Central Board,Multi,3.0,3.0,3.0,3.0,4.0,3.0,3.3333333333333335,3.3333333333333335,K
230,20 to 25,Female,chennai,Under Graduation,Arts,City,City,Govt,State Board,Multi,4.0,4.0,4.0,4.0,3.0,3.0,3.0,3.0,V
231,20 to 25,Male,chennai,Under Graduation,Engineering,City;Rural;Town,Town,Private,State Board,Multi,2.6666666666666665,2.6666666666666665,3.3333333333333335,3.0,2.8333333333333335,3.3333333333333335,3.3333333333333335,4.166666666666667,V
232,25 to 30,Male,chennai,Post Graduation,Engineering,City,City,Private,Central Board,Multi,3.0,3.6666666666666665,2.6666666666666665,2.6666666666666665,4.166666666666667,2.8333333333333335,3.0,4.833333333333333,Multi
233,<20,Male,chennai,Post Graduation,Management,City,City,Private,State Board,K,2.0,1.3333333333333333,3.0,3.6666666666666665,3.8333333333333335,3.8333333333333335,3.5,4.0,K
234,25 to 30,Male,Tirupati,Under Graduation,Engineering,Rural,City,Private,State Board,K,2.3333333333333335,3.3333333333333335,2.3333333333333335,1.6666666666666667,3.8333333333333335,3.6666666666666665,3.5,4.166666666666667,K
235,20 to 25,Male,chennai,Post Graduation,Management,City,City,Private,State Board,Multi,2.0,2.6666666666666665,3.0,2.3333333333333335,4.166666666666667,3.6666666666666665,3.5,3.5,K
236,20 to 25,Male,chennai,Post Graduation,Finance,Town,Town,Private,Central Board,Multi,3.6666666666666665,2.0,4.666666666666667,1.3333333333333333,3.1666666666666665,2.5,2.8333333333333335,3.1666666666666665,V
237,20 to 25,Female,chennai,Under Graduation,Management,City,City,Govt,Central Board,Multi,3.3333333333333335,3.3333333333333335,2.0,2.6666666666666665,4.0,3.1666666666666665,1.6666666666666667,3.1666666666666665,K
238,20 to 25,Male,Tirupati,Under Graduation,Engineering,City,City,Private,State Board,Multi,2.6666666666666665,2.3333333333333335,3.0,3.3333333333333335,3.5,3.8333333333333335,3.1666666666666665,3.5,Multi
239,20 to 25,Male,Tirupati,Under Graduation,Arts,City,City,Govt,State Board,Multi,2.3333333333333335,2.3333333333333335,3.0,1.6666666666666667,4.0,3.1666666666666665,3.5,3.3333333333333335,A
240,20 to 25,Male,piler,Under Graduation,computer_science,Rural,Town,Govt,State Board,Multi,2.0,3.6666666666666665,3.3333333333333335,3.6666666666666665,3.5,3.6666666666666665,3.3333333333333335,3.6666666666666665,K
241,30+,Female,Nellore,Under Graduation,others,Rural,Rural,Govt,State Board,A,1.6666666666666667,3.6666666666666665,3.3333333333333335,4.0,3.6666666666666665,4.666666666666667,4.166666666666667,4.0,A
242,25 to 30,Male,chennai,Under Graduation,Engineering,Rural,Rural,Private,State Board,Multi,3.0,3.0,3.0,2.3333333333333335,3.5,3.1666666666666665,3.0,3.3333333333333335,A
243,25 to 30,Female,chennai,Post Graduation,economics,City,City,Private,State Board,A,2.0,3.6666666666666665,2.0,2.3333333333333335,4.166666666666667,3.8333333333333335,3.0,4.166666666666667,A
244,20 to 25,Male,Bangalore,Post Graduation,Arts,City,Rural,Private,State Board,Multi,3.6666666666666665,2.6666666666666665,4.0,3.0,4.0,2.8333333333333335,4.0,3.6666666666666665,Multi
245,<20,Male,chennai,Post Graduation,Arts,City,City,Private,State Board,K,2.6666666666666665,2.6666666666666665,2.6666666666666665,3.3333333333333335,3.6666666666666665,2.8333333333333335,3.3333333333333335,4.0,A
246,20 to 25,Male,Tirunelveli,Under Graduation,Engineering,Town,Rural,Govt,State Board,Multi,4.0,4.0,3.6666666666666665,4.0,4.833333333333333,5.0,5.0,5.0,A
247,20 to 25,Female,chennai,Post Graduation,Arts,City,City,Private,State Board,K,3.6666666666666665,3.6666666666666665,4.0,4.0,4.833333333333333,4.5,4.333333333333333,5.0,K
248,25 to 30,Female,chennai,Post Graduation,Engineering,City,City,Private,State Board,Multi,1.6666666666666667,2.3333333333333335,2.3333333333333335,2.3333333333333335,4.666666666666667,3.8333333333333335,2.8333333333333335,4.5,A
249,25 to 30,Female,Tirupati,Post Graduation,sciences,City,City,Private,Central Board,K,2.0,2.0,2.3333333333333335,3.3333333333333335,4.333333333333333,2.5,4.666666666666667,3.5,K
250,25 to 30,Female,chennai,Post Graduation,Arts,City,Town,Private,State Board,Multi,3.3333333333333335,3.3333333333333335,3.3333333333333335,3.0,3.6666666666666665,3.8333333333333335,3.8333333333333335,3.6666666666666665,A
251,20 to 25,Female,chennai,Under Graduation,Engineering,City,City,Private,State Board,Multi,3.6666666666666665,5.0,4.333333333333333,3.6666666666666665,4.5,4.333333333333333,3.5,4.166666666666667,R
252,<20,Female,chennai,Under Graduation,medicine,City,City,Private,State Board,K,4.666666666666667,4.333333333333333,3.3333333333333335,5.0,3.5,4.0,2.6666666666666665,5.0,K
253,25 to 30,Female,Tirupati,Post Graduation,sciences,Town,Town,Private,State Board,K,1.6666666666666667,2.0,2.0,2.6666666666666665,4.333333333333333,3.8333333333333335,3.5,3.8333333333333335,K
254,25 to 30,Male,Kakinada,Under Graduation,Engineering,Town,City,Private,State Board,R,3.0,3.0,3.6666666666666665,3.0,2.6666666666666665,3.0,3.8333333333333335,3.1666666666666665,R
255,20 to 25,Male,Bangalore,Under Graduation,Engineering,Rural;Town,Town,Private,State Board,Multi,2.3333333333333335,2.3333333333333335,3.0,3.0,4.166666666666667,4.0,4.0,4.166666666666667,A
256,20 to 25,Female,chennai,Under Graduation,medicine,City,City,Private,State Board,V,4.666666666666667,3.6666666666666665,2.3333333333333335,3.0,5.0,4.666666666666667,3.0,4.833333333333333,Multi
257,20 to 25,Male,Guntur,Post Graduation,Engineering,Town,City,Private,State Board,K,2.0,2.0,3.3333333333333335,4.0,4.5,4.166666666666667,4.5,4.666666666666667,K
258,25 to 30,Male,Nellore,Post Graduation,Engineering,Rural,Town,Private,State Board,Multi,4.333333333333333,4.666666666666667,5.0,5.0,3.3333333333333335,3.3333333333333335,3.3333333333333335,3.3333333333333335,A
259,20 to 25,Male,chennai,Post Graduation,Engineering,City,City,Private,State Board,V,4.666666666666667,4.333333333333333,4.666666666666667,3.6666666666666665,4.0,3.6666666666666665,3.6666666666666665,3.3333333333333335,V
260,25 to 30,Male,Agartala,Post Graduation,Engineering,Town,Town,Private,State Board,K,3.6666666666666665,2.0,2.3333333333333335,2.3333333333333335,4.5,4.333333333333333,4.0,4.666666666666667,K
261,25 to 30,Male,chennai,Post Graduation,Engineering,Rural,Rural,Private,State Board,R,4.333333333333333,4.333333333333333,4.0,4.0,3.6666666666666665,4.0,4.166666666666667,3.8333333333333335,R
262,25 to 30,Male,Tirupati,Post Graduation,Engineering,Town,Town,Private,State Board,Multi,5.0,5.0,5.0,5.0,2.6666666666666665,3.0,3.0,3.0,A
263,20 to 25,Male,chennai,Post Graduation,others,City,City,Private,State Board,K,3.0,3.6666666666666665,2.0,4.0,2.8333333333333335,2.8333333333333335,3.0,3.3333333333333335,Multi
264,25 to 30,Male,Tirupati,Under Graduation,Engineering,Rural,Rural,Private,State Board,A,5.0,5.0,5.0,5.0,3.6666666666666665,4.333333333333333,3.8333333333333335,3.8333333333333335,A
265,25 to 30,Female,Chittoor,Post Graduation,Engineering,City,City,Private,State Board,Multi,2.3333333333333335,4.0,2.6666666666666665,5.0,4.666666666666667,4.5,4.5,4.333333333333333,A
266,25 to 30,Male,Hyderabad,Post Graduation,Engineering,City,City,Private,State Board,Multi,3.6666666666666665,4.0,4.333333333333333,4.666666666666667,4.666666666666667,4.666666666666667,5.0,4.666666666666667,V
267,<20,Female,chennai,Post Graduation,Management,City;Town,City,Private,Central Board,V,3.3333333333333335,2.6666666666666665,2.3333333333333335,2.3333333333333335,4.0,3.1666666666666665,3.5,2.5,Multi
268,20 to 25,Female,chennai,Post Graduation,Management,City,City,Private,State Board,Multi,3.3333333333333335,2.3333333333333335,3.3333333333333335,3.3333333333333335,2.1666666666666665,3.8333333333333335,3.8333333333333335,4.166666666666667,A
269,25 to 30,Male,Hyderabad,Post Graduation,Engineering,City,City,Private,State Board,Multi,3.6666666666666665,4.0,4.333333333333333,4.666666666666667,4.666666666666667,4.666666666666667,5.0,4.666666666666667,V
270,20 to 25,Female,chennai,Post Graduation,Management,Rural,Town,Other,Central Board,Multi,3.0,2.6666666666666665,2.3333333333333335,3.3333333333333335,3.6666666666666665,2.5,3.6666666666666665,1.8333333333333333,V
271,20 to 25,Female,chennai,Post Graduation,Management,Rural;Town,Town,Private,State Board,Multi,2.3333333333333335,2.0,1.6666666666666667,2.3333333333333335,3.6666666666666665,4.666666666666667,5.0,5.0,K
272,20 to 25,Female,chennai,Post Graduation,Management,City,City,Private,State Board,Multi,2.6666666666666665,2.3333333333333335,2.0,2.6666666666666665,4.666666666666667,5.0,5.0,5.0,A
273,20 to 25,Male,chennai,Under Graduation,Engineering,City,City,Private,State Board,A,2.0,3.0,2.6666666666666665,2.0,2.8333333333333335,4.0,3.0,2.8333333333333335,R
274,20 to 25,Male,chennai,Under Graduation,Engineering,City,City,Private,Central Board,Multi,2.6666666666666665,2.6666666666666665,1.6666666666666667,1.6666666666666667,4.5,4.0,3.0,4.0,K
275,20 to 25,Male,chennai,Under Graduation,Engineering,City,City,Private,State Board,A,2.6666666666666665,3.3333333333333335,2.6666666666666665,2.6666666666666665,4.333333333333333,3.8333333333333335,4.0,4.666666666666667,A
276,20 to 25,Male,chennai,Under Graduation,Engineering,City,City,Private,State Board,K,2.6666666666666665,3.3333333333333335,3.3333333333333335,3.6666666666666665,4.166666666666667,3.1666666666666665,4.5,4.166666666666667,K
277,20 to 25,Male,Bangalore,Under Graduation,Engineering,City;Rural,City;Rural;Town,Private,State Board,Multi,2.3333333333333335,2.0,2.3333333333333335,2.6666666666666665,4.666666666666667,3.6666666666666665,4.5,3.6666666666666665,A
278,20 to 25,Male,Bangalore,Under Graduation,Arts,City;Rural,City,Private,State Board,Multi,2.6666666666666665,2.6666666666666665,2.6666666666666665,3.3333333333333335,3.8333333333333335,3.6666666666666665,3.0,3.6666666666666665,A
279,20 to 25,Male,chennai,Under Graduation,Engineering,City;Rural,City;Town,Private,State Board,Multi,2.6666666666666665,2.3333333333333335,3.3333333333333335,2.3333333333333335,3.0,2.8333333333333335,4.166666666666667,4.333333333333333,Multi
280,20 to 25,Male,Bangalore,Under Graduation,Engineering,City,City,Private,State Board,Multi,2.6666666666666665,2.6666666666666665,2.0,2.6666666666666665,4.5,4.5,4.166666666666667,3.3333333333333335,K
281,20 to 25,Male,Bangalore,Under Graduation,Engineering,City;Rural,City;Rural,Private,Central Board,Multi,2.6666666666666665,2.6666666666666665,3.0,2.6666666666666665,4.333333333333333,4.166666666666667,4.0,3.0,Multi
282,20 to 25,Male,Bangalore,Under Graduation,Engineering,City;Rural,City,Private,Central Board,K,2.3333333333333335,3.3333333333333335,3.0,3.0,3.3333333333333335,4.0,3.6666666666666665,4.166666666666667,K
283,20 to 25,Male,Bangalore,Under Graduation,Engineering,City;Rural,City,Private,State Board,V,3.0,3.0,3.0,3.3333333333333335,4.5,4.0,3.5,3.6666666666666665,V
284,20 to 25,Male,Bangalore,Under Graduation,Engineering,City,City;Rural,Private,State Board,Multi,2.0,2.6666666666666665,3.0,3.0,4.333333333333333,2.5,4.166666666666667,4.666666666666667,A
285,20 to 25,Male,Bangalore,Under Graduation,Engineering,City,City,Private,Central Board,Multi,3.0,3.3333333333333335,4.0,3.3333333333333335,4.0,3.3333333333333335,3.5,3.6666666666666665,K
286,25 to 30,Male,Tirupati,Post Graduation,Management,Rural,Town,Private,State Board,R,3.6666666666666665,2.0,5.0,2.0,4.0,3.1666666666666665,3.3333333333333335,3.1666666666666665,R
287,20 to 25,Male,Tirupati,Post Graduation,Engineering,Town,City,Private,State Board,Multi,3.6666666666666665,2.6666666666666665,3.3333333333333335,3.6666666666666665,4.5,2.6666666666666665,2.8333333333333335,3.0,R
288,20 to 25,Male,chennai,Under Graduation,Engineering,City,City,Private,Central Board,Multi,3.3333333333333335,2.3333333333333335,4.333333333333333,2.3333333333333335,3.1666666666666665,3.5,2.5,3.0,V
289,25 to 30,Male,chennai,Post Graduation,Engineering,City,City,Private,Central Board,Multi,2.6666666666666665,3.3333333333333335,2.6666666666666665,3.3333333333333335,2.6666666666666665,3.1666666666666665,3.8333333333333335,2.8333333333333335,A
290,30+,Female,chennai,Under Graduation,Arts,Town,Town,Private,State Board,Multi,1.0,2.3333333333333335,1.6666666666666667,2.0,3.6666666666666665,3.6666666666666665,3.8333333333333335,3.6666666666666665,Multi
291,30+,Male,chennai,Under Graduation,others,City,City,Private,State Board,Multi,1.6666666666666667,1.3333333333333333,1.3333333333333333,1.6666666666666667,3.5,3.6666666666666665,3.6666666666666665,3.6666666666666665,K
292,30+,Female,perundurai,Post Graduation,Engineering,Town,Town,Private,State Board,Multi,2.6666666666666665,3.6666666666666665,2.6666666666666665,2.0,4.0,3.0,3.0,3.3333333333333335,R
293,20 to 25,Female,chennai,Post Graduation,Arts,City,City,Govt,State Board,K,3.3333333333333335,3.6666666666666665,3.3333333333333335,3.3333333333333335,4.166666666666667,3.6666666666666665,3.6666666666666665,4.833333333333333,K
294,<20,Female,chennai,Under Graduation,Arts,City,City,Private,State Board,K,3.3333333333333335,3.6666666666666665,3.3333333333333335,3.3333333333333335,4.166666666666667,3.6666666666666665,3.6666666666666665,5.0,K
295,30+,Female,Guntur,Post Graduation,Management,Town,Town,Private,State Board,Multi,2.0,4.333333333333333,3.3333333333333335,3.6666666666666665,4.166666666666667,3.6666666666666665,3.3333333333333335,3.6666666666666665,Multi
296,30+,Female,tanjore,Post Graduation,Arts,Rural,Town,Govt,Other,Multi,3.0,2.3333333333333335,2.0,1.6666666666666667,4.166666666666667,3.5,2.8333333333333335,4.333333333333333,A
297,20 to 25,Male,Bangalore,Post Graduation,Management,Rural;Town,City,Private,Central Board,V,3.6666666666666665,2.3333333333333335,2.6666666666666665,3.6666666666666665,4.5,3.3333333333333335,2.6666666666666665,2.6666666666666665,V
298,20 to 25,Male,Bangalore,Post Graduation,Engineering,Rural,City,Private,State Board,Multi,3.3333333333333335,2.3333333333333335,4.666666666666667,2.0,3.6666666666666665,4.0,2.3333333333333335,4.166666666666667,A
299,20 to 25,Female,chennai,Under Graduation,sciences,City,Town,Govt,State Board,K,2.0,1.6666666666666667,2.6666666666666665,2.0,3.1666666666666665,4.166666666666667,4.5,4.666666666666667,K
300,30+,Female,Guntur,Post Graduation,Management,Town,Town,Private,State Board,Multi,2.0,4.333333333333333,3.3333333333333335,3.6666666666666665,4.166666666666667,3.6666666666666665,3.3333333333333335,3.6666666666666665,Multi
301,<20,Female,chennai,Under Graduation,computer_science,City,Rural,Govt,State Board,Multi,1.6666666666666667,1.6666666666666667,1.6666666666666667,2.3333333333333335,4.5,3.5,3.1666666666666665,4.333333333333333,Multi
302,20 to 25,Female,Tirupati,Post Graduation,sciences,City,Rural,Private,Central Board,A,1.6666666666666667,3.0,1.6666666666666667,2.6666666666666665,3.6666666666666665,4.5,3.3333333333333335,2.8333333333333335,Multi
303,<20,Male,chennai,Under Graduation,Engineering,City,City,Govt,State Board,Multi,2.3333333333333335,2.6666666666666665,2.3333333333333335,2.3333333333333335,4.5,4.5,3.3333333333333335,4.666666666666667,Multi
304,20 to 25,Male,chennai,Under Graduation,Engineering,City;Rural,City;Town,Govt,Central Board,Multi,2.3333333333333335,2.6666666666666665,2.3333333333333335,2.6666666666666665,3.8333333333333335,3.5,2.8333333333333335,4.833333333333333,A
305,20 to 25,Male,chennai,Under Graduation,Engineering,Rural,Rural,Govt,State Board,Multi,4.666666666666667,4.333333333333333,4.666666666666667,4.333333333333333,4.833333333333333,5.0,5.0,5.0,R
306,25 to 30,Male,chennai,Under Graduation,Engineering,City,City,Private,Central Board,Multi,4.333333333333333,4.333333333333333,4.0,4.333333333333333,4.5,4.333333333333333,5.0,4.333333333333333,A
307,25 to 30,Male,chennai,Post Graduation,Engineering,City,City,Private,Other,Multi,4.0,4.0,4.666666666666667,4.666666666666667,4.666666666666667,4.5,4.333333333333333,4.0,A
308,25 to 30,Male,chennai,Under Graduation,Engineering,City,City,Private,Central Board,Multi,4.0,4.0,4.333333333333333,4.333333333333333,4.5,4.333333333333333,4.166666666666667,4.0,R
309,20 to 25,Male,chennai,Post Graduation,Engineering,City;Rural,Rural;Town,Govt,Central Board,V,1.6666666666666667,3.3333333333333335,2.3333333333333335,3.6666666666666665,4.333333333333333,4.0,3.8333333333333335,4.166666666666667,V
310,20 to 25,Female,chennai,Under Graduation,Engineering,Rural,Rural,Private,Central Board,Multi,4.0,3.6666666666666665,4.0,4.0,4.0,3.6666666666666665,4.0,4.333333333333333,A
311,25 to 30,Female,chennai,Under Graduation,Engineering,City;Town,City,Govt,Central Board,V,2.0,2.3333333333333335,2.0,2.0,4.833333333333333,3.6666666666666665,3.0,4.333333333333333,V
312,25 to 30,Female,chennai,Under Graduation,Engineering,City,City,Private,Central Board,Multi,3.6666666666666665,4.333333333333333,4.333333333333333,4.333333333333333,4.0,3.8333333333333335,3.8333333333333335,3.8333333333333335,A
313,20 to 25,Male,chennai,Post Graduation,Engineering,City;Town,Town,Private,Central Board,V,1.6666666666666667,2.6666666666666665,2.6666666666666665,3.0,4.833333333333333,2.1666666666666665,2.5,4.0,V
314,20 to 25,Female,chennai,Under Graduation,Engineering,City;Rural,City,Private,Central Board,Multi,4.0,4.0,4.0,4.0,3.6666666666666665,4.166666666666667,4.0,4.333333333333333,A
315,20 to 25,Female,chennai,Under Graduation,Engineering,Rural,Rural,Govt,State Board,Multi,4.0,4.0,4.333333333333333,4.0,4.166666666666667,4.5,3.8333333333333335,4.666666666666667,V
316,25 to 30,Male,Tirunelveli,Under Graduation,Engineering,Rural,Rural,Govt,State Board,Multi,4.0,4.0,4.0,4.0,4.166666666666667,4.5,4.166666666666667,4.166666666666667,Multi
317,25 to 30,Male,Tirunelveli,Under Graduation,Engineering,Rural,Rural;Town,Govt,State Board,Multi,4.333333333333333,4.333333333333333,3.6666666666666665,4.0,3.3333333333333335,3.8333333333333335,4.0,3.6666666666666665,A
318,25 to 30,Female,chennai,Post Graduation,Engineering,City,City,Private,Central Board,Multi,4.0,4.666666666666667,4.666666666666667,4.666666666666667,4.166666666666667,4.5,4.5,4.666666666666667,V
319,25 to 30,Female,chennai,Under Graduation,Engineering,Rural,Rural,Govt,State Board,Multi,4.666666666666667,4.333333333333333,4.333333333333333,5.0,4.0,4.0,4.666666666666667,4.5,A
320,<20,Male,chennai,Under Graduation,Engineering,City,Rural,Govt,State Board,A,1.3333333333333333,3.6666666666666665,1.6666666666666667,3.3333333333333335,4.333333333333333,2.8333333333333335,4.0,3.8333333333333335,A
321,30+,Female,Tirupati,Post Graduation,sciences,City,Town,Govt,State Board,Multi,2.3333333333333335,1.3333333333333333,2.6666666666666665,2.3333333333333335,4.5,4.166666666666667,3.0,4.0,Multi
322,20 to 25,Male,chennai,Under Graduation,Engineering,City,Rural,Govt,State Board,V,2.6666666666666665,2.3333333333333335,2.0,2.3333333333333335,3.8333333333333335,4.666666666666667,3.1666666666666665,4.5,V
323,<20,Male,chennai,Under Graduation,Engineering,City,Rural,Govt,Central Board,A,1.3333333333333333,3.3333333333333335,1.6666666666666667,3.0,2.3333333333333335,3.0,3.1666666666666665,2.1666666666666665,A
324,25 to 30,Female,Tirupati,Under Graduation,sciences,City,City;Rural,Private,Central Board,Multi,2.6666666666666665,3.3333333333333335,1.6666666666666667,3.3333333333333335,3.0,3.6666666666666665,4.0,3.0,K
325,25 to 30,Female,chennai,Post Graduation,Engineering,City,City;Town,Private,Central Board,Multi,3.3333333333333335,3.6666666666666665,2.3333333333333335,1.6666666666666667,3.0,2.8333333333333335,3.5,3.6666666666666665,R
326,25 to 30,Female,chennai,Under Graduation,Engineering,Rural,Rural,Govt,State Board,Multi,4.666666666666667,4.333333333333333,4.666666666666667,4.333333333333333,4.0,3.8333333333333335,3.8333333333333335,4.5,A
327,25 to 30,Female,chennai,Under Graduation,Engineering,Rural,Rural,Govt,State Board,Multi,4.333333333333333,4.666666666666667,4.333333333333333,4.333333333333333,3.8333333333333335,3.8333333333333335,3.6666666666666665,4.0,V
328,25 to 30,Female,chennai,Under Graduation,Engineering,Town,Town,Private,Other,Multi,4.0,4.666666666666667,4.666666666666667,4.666666666666667,4.166666666666667,3.8333333333333335,4.166666666666667,3.8333333333333335,A
329,25 to 30,Female,chennai,Under Graduation,Engineering,City,City,Private,Central Board,Multi,4.333333333333333,4.0,4.0,4.333333333333333,4.0,4.0,4.0,3.5,A
330,20 to 25,Male,Bangalore,Under Graduation,Engineering,City,City,Private,State Board,V,2.6666666666666665,2.0,2.3333333333333335,2.0,2.6666666666666665,3.8333333333333335,4.333333333333333,4.333333333333333,V
331,20 to 25,Female,Bangalore,Under Graduation,Engineering,City,Rural,Private,State Board,Multi,1.3333333333333333,2.0,3.0,2.0,3.0,4.833333333333333,2.6666666666666665,5.0,V
332,25 to 30,Male,Bangalore,Post Graduation,Management,City,City,Private,Central Board,A,1.6666666666666667,2.3333333333333335,2.3333333333333335,2.6666666666666665,2.1666666666666665,5.0,4.166666666666667,3.1666666666666665,A
333,20 to 25,Male,Bangalore,Under Graduation,Engineering,City,Rural,Private,State Board,Multi,2.6666666666666665,2.3333333333333335,2.6666666666666665,3.6666666666666665,4.0,3.1666666666666665,2.3333333333333335,3.0,A
334,20 to 25,Male,Bangalore,Under Graduation,Engineering,City,Rural,Private,Central Board,R,2.3333333333333335,3.0,3.6666666666666665,2.3333333333333335,3.6666666666666665,3.1666666666666665,4.166666666666667,2.8333333333333335,A
335,20 to 25,Male,Bangalore,Post Graduation,Engineering,Town,Rural,Private,Central Board,Multi,3.6666666666666665,3.3333333333333335,3.0,3.3333333333333335,3.6666666666666665,3.6666666666666665,3.0,4.666666666666667,A
336,20 to 25,Male,Bangalore,Under Graduation,Engineering,City,Rural,Private,Central Board,R,2.3333333333333335,3.0,3.6666666666666665,2.3333333333333335,3.6666666666666665,3.1666666666666665,4.166666666666667,2.8333333333333335,A
337,25 to 30,Male,Bangalore,Post Graduation,sciences,Rural,Town,Private,State Board,Multi,4.0,2.6666666666666665,4.0,3.0,3.6666666666666665,4.0,4.166666666666667,2.3333333333333335,V
338,20 to 25,Male,Bangalore,Under Graduation,Engineering,City,City,Private,State Board,Multi,2.0,3.0,3.3333333333333335,2.3333333333333335,4.666666666666667,3.8333333333333335,3.6666666666666665,4.5,K
339,20 to 25,Female,Bangalore,Under Graduation,Engineering,City,Rural,Govt,State Board,A,2.0,4.0,2.3333333333333335,3.0,4.333333333333333,2.1666666666666665,4.166666666666667,4.166666666666667,A
340,<20,Female,Bangalore,Under Graduation,Engineering,City,Rural,Private,State Board,Multi,2.6666666666666665,3.0,3.0,3.0,3.0,3.3333333333333335,5.0,3.8333333333333335,K
341,20 to 25,Female,Bangalore,Under Graduation,Engineering,City,Rural,Private,Central Board,Multi,2.6666666666666665,2.6666666666666665,2.6666666666666665,2.3333333333333335,4.5,2.3333333333333335,4.333333333333333,2.6666666666666665,A
342,25 to 30,Male,chennai,Post Graduation,Engineering,Town,City,Private,Central Board,Multi,2.6666666666666665,2.3333333333333335,3.0,3.6666666666666665,5.0,2.6666666666666665,3.6666666666666665,4.5,A
343,20 to 25,Female,Bangalore,Under Graduation,Management,City,Rural,Private,Central Board,Multi,2.3333333333333335,2.6666666666666665,2.6666666666666665,2.6666666666666665,1.8333333333333333,4.833333333333333,4.5,4.333333333333333,V
344,<20,Male,Bangalore,Under Graduation,Engineering,City,Rural,Govt,Central Board,Multi,2.6666666666666665,2.3333333333333335,2.3333333333333335,3.0,4.833333333333333,3.8333333333333335,4.166666666666667,3.6666666666666665,Multi
345,20 to 25,Female,Bangalore,Under Graduation,Engineering,City,Rural,Govt,Central Board,V,3.3333333333333335,2.3333333333333335,1.6666666666666667,2.3333333333333335,3.3333333333333335,4.666666666666667,2.8333333333333335,4.166666666666667,V
346,25 to 30,Male,chennai,Under Graduation,Engineering,Rural,Rural,Private,State Board,Multi,4.333333333333333,4.333333333333333,4.333333333333333,4.333333333333333,4.0,4.166666666666667,4.166666666666667,4.666666666666667,A
347,<20,Female,Bangalore,Under Graduation,Engineering,City,City,Private,State Board,Multi,2.3333333333333335,2.6666666666666665,3.6666666666666665,3.0,4.0,2.6666666666666665,2.8333333333333335,4.0,V
348,25 to 30,Male,chennai,Under Graduation,Engineering,Town,Town,Govt,State Board,Multi,4.333333333333333,4.0,4.0,4.333333333333333,4.5,4.5,4.166666666666667,4.333333333333333,R
349,<20,Male,Bangalore,Under Graduation,Engineering,City,City,Private,Central Board,K,2.0,2.0,2.6666666666666665,3.0,3.0,4.5,3.0,4.166666666666667,K
350,20 to 25,Female,chennai,Under Graduation,Engineering,Rural,Rural,Govt,State Board,K,4.0,4.0,4.333333333333333,4.666666666666667,3.8333333333333335,4.833333333333333,4.5,5.0,A
351,20 to 25,Female,chennai,Under Graduation,Engineering,City,City,Private,Central Board,Multi,4.0,5.0,5.0,4.0,4.5,4.5,3.8333333333333335,4.5,A
352,25 to 30,Male,Bangalore,Post Graduation,Management,City,Rural,Govt,State Board,K,2.3333333333333335,3.0,2.3333333333333335,3.0,3.0,3.3333333333333335,3.6666666666666665,4.0,K
353,20 to 25,Female,chennai,Under Graduation,Engineering,City,City,Other,Central Board,Multi,4.0,4.0,4.0,4.0,3.8333333333333335,4.0,3.5,4.166666666666667,R
354,25 to 30,Female,Bangalore,Post Graduation,Management,City;Rural,City,Private,State Board,Multi,2.3333333333333335,3.3333333333333335,3.6666666666666665,2.6666666666666665,4.833333333333333,3.1666666666666665,3.6666666666666665,3.6666666666666665,A
355,20 to 25,Female,Bangalore,Under Graduation,Engineering,City,Rural,Govt,State Board,Multi,2.0,2.6666666666666665,3.3333333333333335,3.3333333333333335,5.0,3.8333333333333335,4.333333333333333,4.666666666666667,A
356,<20,Male,Bangalore,Post Graduation,Management,City,Rural,Private,State Board,Multi,3.3333333333333335,3.3333333333333335,1.6666666666666667,3.0,4.666666666666667,2.6666666666666665,4.333333333333333,2.6666666666666665,K
357,<20,Male,chennai,Under Graduation,computer_science,City;Town,City,Private,State Board,Multi,3.3333333333333335,1.6666666666666667,3.3333333333333335,2.6666666666666665,3.6666666666666665,3.8333333333333335,4.333333333333333,4.166666666666667,K
358,30+,Female,Bangalore,Post Graduation,Management,City,Rural,Private,State Board,Multi,3.0,3.3333333333333335,3.3333333333333335,2.3333333333333335,3.6666666666666665,2.8333333333333335,2.6666666666666665,3.8333333333333335,A
359,25 to 30,Female,Bangalore,Under Graduation,Management,City,Rural,Private,Central Board,Multi,1.6666666666666667,2.0,4.0,3.0,4.0,3.1666666666666665,3.3333333333333335,4.5,A
360,25 to 30,Male,Bangalore,Post Graduation,Management,City;Town,City,Private,Central Board,Multi,3.0,2.6666666666666665,2.6666666666666665,3.6666666666666665,4.0,2.5,4.666666666666667,4.166666666666667,A
361,20 to 25,Male,chennai,Under Graduation,Engineering,City,City,Other,Central Board,A,4.333333333333333,4.0,4.333333333333333,4.0,4.0,4.833333333333333,4.666666666666667,4.666666666666667,A
362,25 to 30,Female,Bangalore,Post Graduation,Management,City;Rural,Rural,Govt,Central Board,K,3.3333333333333335,3.0,2.0,3.6666666666666665,4.166666666666667,3.8333333333333335,3.3333333333333335,2.6666666666666665,K
363,25 to 30,Male,Bangalore,Under Graduation,Engineering,City,City,Private,Central Board,A,4.333333333333333,4.333333333333333,4.0,4.333333333333333,4.666666666666667,5.0,4.833333333333333,4.666666666666667,A
364,20 to 25,Female,Bangalore,Post Graduation,Management,City,City;Rural,Other,State Board,Multi,2.6666666666666665,3.3333333333333335,3.3333333333333335,3.0,4.166666666666667,3.5,4.5,2.3333333333333335,V
365,25 to 30,Female,chennai,Post Graduation,Engineering,City,City,Private,Central Board,Multi,5.0,5.0,4.666666666666667,4.666666666666667,3.5,3.6666666666666665,4.0,4.166666666666667,R
366,25 to 30,Male,Bangalore,Under Graduation,Engineering,City;Rural,City,Other,State Board,Multi,2.0,3.3333333333333335,4.0,4.333333333333333,3.8333333333333335,3.6666666666666665,4.0,3.1666666666666665,A
367,30+,Male,chennai,Under Graduation,Engineering,City,City,Private,Central Board,Multi,4.333333333333333,4.333333333333333,5.0,4.0,4.5,4.333333333333333,4.833333333333333,5.0,Multi
368,20 to 25,Female,chennai,Under Graduation,Engineering,Rural,Rural,Govt,State Board,A,4.333333333333333,4.333333333333333,4.333333333333333,4.666666666666667,3.5,4.166666666666667,3.8333333333333335,4.0,A
369,25 to 30,Female,chennai,Under Graduation,Engineering,City;Rural,City,Private,State Board,Multi,4.0,3.3333333333333335,4.0,4.333333333333333,4.333333333333333,2.3333333333333335,1.8333333333333333,1.3333333333333333,A
370,25 to 30,Female,chennai,Under Graduation,Engineering,Rural,Rural,Govt,State Board,Multi,4.666666666666667,4.666666666666667,4.666666666666667,4.333333333333333,3.3333333333333335,3.3333333333333335,2.8333333333333335,3.3333333333333335,A
371,25 to 30,Male,chennai,Post Graduation,Management,City,City;Rural,Private,State Board,Multi,3.3333333333333335,3.0,4.0,3.0,4.5,3.6666666666666665,2.1666666666666665,3.3333333333333335,Multi
372,30+,Male,chennai,Under Graduation,Engineering,City,City,Private,State Board,A,4.333333333333333,4.666666666666667,4.333333333333333,4.333333333333333,3.6666666666666665,4.0,3.6666666666666665,3.6666666666666665,A
373,25 to 30,Male,Bangalore,Post Graduation,Engineering,City;Rural,Rural;Town,Other,Central Board,R,3.3333333333333335,4.0,3.3333333333333335,3.3333333333333335,3.5,3.3333333333333335,4.0,3.3333333333333335,R
374,25 to 30,Male,chennai,Under Graduation,Engineering,City,City,Govt,Central Board,Multi,4.333333333333333,4.666666666666667,4.0,4.333333333333333,4.166666666666667,4.5,4.5,4.5,Multi
375,25 to 30,Female,Bangalore,Post Graduation,Engineering,City;Town,City,Govt,Central Board,V,4.333333333333333,2.3333333333333335,3.3333333333333335,4.0,4.166666666666667,2.5,2.3333333333333335,3.0,Multi
376,25 to 30,Male,Bangalore,Post Graduation,Management,City;Town,Rural,Govt,State Board,Multi,2.6666666666666665,2.3333333333333335,4.0,3.3333333333333335,4.5,3.3333333333333335,2.6666666666666665,2.8333333333333335,A
377,25 to 30,Male,chennai,Post Graduation,Engineering,City;Rural,Town,Other,Central Board,A,3.3333333333333335,4.0,3.0,3.0,4.333333333333333,3.3333333333333335,3.3333333333333335,3.5,A
378,30+,Male,chennai,Under Graduation,Engineering,City;Rural,Rural,Private,State Board,A,4.333333333333333,5.0,4.333333333333333,4.666666666666667,4.0,4.666666666666667,4.5,4.5,A
379,20 to 25,Female,chennai,Under Graduation,Engineering,Rural,Rural,Other,Central Board,Multi,4.333333333333333,4.0,4.666666666666667,4.666666666666667,3.6666666666666665,4.0,3.5,3.3333333333333335,R
380,30+,Female,chennai,Under Graduation,Engineering,City,City,Private,Central Board,Multi,4.0,4.0,4.333333333333333,4.0,3.6666666666666665,3.6666666666666665,3.6666666666666665,4.0,V
381,25 to 30,Male,chennai,Under Graduation,Engineering,Rural,Rural,Govt,State Board,Multi,4.0,4.666666666666667,4.666666666666667,4.666666666666667,4.166666666666667,4.666666666666667,3.5,4.5,V
382,25 to 30,Female,chennai,Under Graduation,Engineering,Town,Town,Govt,State Board,Multi,4.666666666666667,4.666666666666667,5.0,5.0,3.3333333333333335,3.5,3.8333333333333335,3.6666666666666665,K
383,25 to 30,Male,chennai,Under Graduation,Engineering,Rural,Town,Govt,State Board,Multi,4.333333333333333,4.333333333333333,4.333333333333333,4.333333333333333,4.0,4.0,3.6666666666666665,4.0,A
384,25 to 30,Male,chennai,Under Graduation,Engineering,City,Rural;Town,Govt,State Board,Multi,4.333333333333333,4.333333333333333,4.666666666666667,4.333333333333333,4.666666666666667,4.666666666666667,4.833333333333333,4.833333333333333,A
385,25 to 30,Male,Tirunelveli,Under Graduation,Engineering,Rural,Town,Govt,State Board,Multi,4.333333333333333,4.0,4.333333333333333,4.333333333333333,3.6666666666666665,3.6666666666666665,4.0,3.8333333333333335,A
386,30+,Female,chennai,Post Graduation,Engineering,Rural,Rural,Govt,State Board,R,4.333333333333333,4.333333333333333,4.666666666666667,4.333333333333333,3.5,3.3333333333333335,4.0,3.8333333333333335,A
387,25 to 30,Female,Bangalore,Under Graduation,Engineering,City,City,Private,Central Board,Multi,4.333333333333333,4.333333333333333,4.333333333333333,4.333333333333333,4.0,4.166666666666667,4.0,4.5,A
388,25 to 30,Male,Bangalore,Under Graduation,Engineering,City,City,Private,Central Board,Multi,4.0,4.333333333333333,4.333333333333333,4.333333333333333,2.8333333333333335,3.8333333333333335,3.0,3.6666666666666665,R
389,25 to 30,Female,Bangalore,Under Graduation,Engineering,City,City,Govt,Central Board,Multi,4.666666666666667,4.666666666666667,5.0,4.666666666666667,3.6666666666666665,3.8333333333333335,3.8333333333333335,3.8333333333333335,A
390,25 to 30,Male,Bangalore,Under Graduation,Engineering,City,Rural,Private,State Board,Multi,4.333333333333333,4.333333333333333,4.0,4.333333333333333,3.6666666666666665,3.5,3.8333333333333335,4.0,A
391,25 to 30,Female,kochi,Under Graduation,Engineering,City,City,Private,State Board,R,4.0,4.0,4.333333333333333,4.0,4.166666666666667,4.333333333333333,4.833333333333333,4.666666666666667,Multi
392,25 to 30,Female,Bangalore,Under Graduation,Engineering,City,Rural,Govt,Central Board,Multi,4.0,4.0,4.333333333333333,4.333333333333333,3.6666666666666665,4.0,4.0,3.5,A
393,30+,Male,chennai,Post Graduation,Engineering,City,City,Private,Central Board,V,5.0,2.3333333333333335,3.0,4.333333333333333,5.0,2.6666666666666665,2.5,2.8333333333333335,V
394,25 to 30,Female,chennai,Post Graduation,Management,Town,Town,Private,State Board,Multi,3.6666666666666665,3.0,4.0,2.3333333333333335,3.0,3.5,3.3333333333333335,3.1666666666666665,V
395,20 to 25,Male,Tirupati,Post Graduation,sciences,Rural,Town,Private,State Board,Multi,3.6666666666666665,3.6666666666666665,3.6666666666666665,4.666666666666667,4.0,2.8333333333333335,3.8333333333333335,2.6666666666666665,A
396,20 to 25,Male,Bangalore,Post Graduation,Engineering,City,City,Private,Central Board,Multi,3.6666666666666665,3.6666666666666665,2.6666666666666665,4.666666666666667,4.0,3.5,3.1666666666666665,3.5,R
